Date,Column,Row,Name,Species,Genotype,Qty,Size,Notes,Condition,FragClusterId
02/12/2025,A,1,X,,,0,0,,,
02/24/2024,,,default,OF,1004,18,0.0,,,54fbf1c0-94ad-4373-9777-fa7139236eec
02/24/2024,,,default,OF,1004,28,0.25,,,b070b3b1-8ad6-467d-a12a-1a3c308e73ff
02/24/2024,,,default,OF,1004,18,0.25,,,bb2eaa65-5547-4722-b487-72576cd348c1
02/24/2024,,,default,OF,1035,35,0.25,,,3c5c7308-3238-4d8d-8519-e34d10c4b8fb
02/24/2024,,,default,OF,1035,35,0.5,,,7fedfc40-dc79-40a8-812c-db9fec004e42
02/24/2024,,,default,OF,1035,35,0.0,,,edc1e0c2-4cbc-4bd7-a46a-a79c300c3d54
02/24/2024,,,default,MC,108,29,0.75,,,0bc4a886-491f-4cf8-8744-1a22ce7fe01d
02/24/2024,,,default,MC,108,28,0.75,,,2b283423-28a8-4f5f-ba19-7639cb9f2029
02/24/2024,,,default,MC,108,29,0.75,,,308184d5-5360-4ff7-b0e9-d3a7c5739a1a
02/24/2024,,,default,MC,108,28,0.0,,,3220ab38-800e-4bd9-94ac-73a4a3315792
02/24/2024,,,default,MC,108,28,0.75,,,5ed4b1f4-6639-4967-9cd1-6b592e0c1d27
02/24/2024,,,default,MC,108,11,0.75,,,75928208-b631-45ff-8488-53385790b32e
02/24/2024,,,default,MC,108,28,0.5,,,8e354937-ecfd-43cf-ab1f-c0a22cdfee40
02/24/2024,,,default,MC,108,27,0.75,,,b12c908c-f321-441b-8f6c-e59f46e56215
02/24/2024,,,default,MC,127,22,1.0,,,e2dea69a-25af-4614-bcb4-dfb8a97b8232
02/24/2024,,,default,SS,160,23,0.0,,,58336ee5-0fac-42a4-8eb9-82ff7e9a57e8
02/24/2024,,,default,SS,160,23,0.5,,,7195baac-1af3-4199-bd0e-9c0c4e373e68
02/24/2024,,,default,SS,160,26,0.25,,,9495410c-d630-43c5-aaa2-dbe90a27ff9f
02/24/2024,,,default,SS,160,24,0.5,,,ebb7abb3-8335-4f8c-8f10-c8f357a6d4c0
02/24/2024,,,default,SR,188,33,0.25,,,28e965de-113f-4e63-b3f4-f85cf8311e2f
02/24/2024,,,default,SR,188,34,0.25,,,3c626e58-09dc-4399-b193-7fa6b82c3e2b
02/24/2024,,,default,SR,188,31,0.25,,,dfea0997-0352-4c38-ad3b-0ce49754cd07
02/24/2024,,,default,SR,188,34,0.0,,,f93661a2-7f5c-47f2-92aa-10c62e231509
02/24/2024,,,default,SR,189,16,0.5,,,4a9b233e-8ad4-4641-a58c-e8d77dad9fd8
02/24/2024,,,default,SR,189,29,0.5,,,7b306f3a-b188-4faa-aa54-65a81394d54e
02/24/2024,,,default,SR,190,11,0.5,,,b00a485d-c7ac-4c96-ae73-a9f34d8b9c9b
02/24/2024,,,default,SR,190,29,0.5,,,b7dcacb4-c3f9-4660-b46f-4f9b5d0d2857
11/13/2024,,,Unassigned,MC,203,24,0.5,,,0dee6993-cf07-4c5d-87cb-e99c0393f179
02/24/2024,,,default,MC,203,28,0.0,,,0e3d8f61-4b3d-4772-8e40-774220cd4ae5
02/24/2024,,,default,MC,203,29,0.5,,,105e428b-67e1-4cd7-8f21-d7a6ccd52c60
02/24/2024,,,default,MC,203,28,0.5,,,194f6e8c-6cbc-411e-8dc1-7b28777cc3c3
11/13/2024,,,Unassigned,MC,203,24,0.5,,,22696435-86e7-4d12-aa86-67252983db34
11/13/2024,,,Unassigned,MC,203,24,0.5,,,7269f397-b381-44cd-8c5c-977912b6593a
11/13/2024,,,Unassigned,MC,203,24,0.5,,,c7aff78d-d6f1-459a-8256-451556ba4870
02/24/2024,,,default,MC,203,28,0.5,,,cf15c0e4-47aa-41ae-b66b-b5528a3a4d74
02/24/2024,,,default,MC,203,24,0.5,,,d3915116-d4cb-40a2-bd4e-f3f02825fe7c
11/13/2024,,,Unassigned,MC,203,4,0.5,,,ff3c2e67-25da-4d55-9bff-be4924934f04
02/24/2024,,,default,MC,205,16,0.0,,,99c618b0-b2a3-4530-a851-97cfb94e93a3
02/24/2024,,,default,MC,205,16,0.5,,,fed879dd-16e0-42eb-96f4-8f3eed19b211
11/13/2024,,,Unassigned,SR,21,21,0.5,,,0c48575e-3f4c-42ab-8442-7b4ae4417d47
11/13/2024,,,Unassigned,SR,21,33,0.5,,,1ad4bdc4-6304-4e21-9bb0-2587d408ddc6
11/13/2024,,,Unassigned,SR,21,33,0.5,,,342d417c-5fd7-4d36-9c12-b5e924f53af7
11/13/2024,,,Unassigned,SR,21,33,0.5,,,9fe1310e-de88-469c-846e-dbf9bc677bdc
11/13/2024,,,Unassigned,SR,21,33,0.5,,,ffc23ea4-6567-4e4b-9341-51559d0e356e
02/24/2024,,,default,DL,257,16,0.75,,,fc91ef9f-2ada-49b1-93c5-b9f12bc44e0c
11/13/2024,,,Unassigned,DL,270,15,0.5,,,6e57cd32-68c2-423b-96dc-fa17f84c1132
11/13/2024,,,Unassigned,DL,270,24,0.5,,,c42632fe-9759-4aa9-9795-b74375887b9c
11/13/2024,,,Unassigned,DL,271,32,0.5,,,20f2e582-e8e8-4ea5-8d14-addf6fb03a02
11/13/2024,,,Unassigned,DL,271,26,0.0,,,4ae2030d-3e48-4e26-89b4-a21500e0a76c
11/13/2024,,,Unassigned,DL,271,29,0.5,,,5e813eb0-9e2d-4402-b203-4178e91b4d51
11/13/2024,,,Unassigned,DL,271,20,0.5,,,a9e616e3-a1c6-45ef-8fb2-c9f71a16fe3b
11/13/2024,,,Unassigned,DL,271,33,0.5,,,f5ddd4b8-e54c-44e2-845e-41397265c9bc
11/13/2024,,,Unassigned,DL,271,33,0.5,,,ff35eead-cb45-4bb0-b47f-a4a7d06e7461
11/13/2024,,,Unassigned,CN,30,13,0.5,,,172004a2-723c-42ac-ae9a-5ca18beb9c6f
11/13/2024,,,Unassigned,CN,30,24,0.5,,,3fb9ac88-ff75-4042-9ac9-dc8dab907ec6
11/13/2024,,,Unassigned,CN,30,24,0.5,,,a9a06903-e7df-4e01-ab6d-672b94630683
11/13/2024,,,Unassigned,CN,30,24,0.5,,,d2ab9c42-e54a-423b-ac7a-cc096411ddec
02/24/2024,,,default,SI,42,7,0.75,,,a1410f51-092b-4888-b609-c2cd1a388791
02/24/2024,,,default,SI,43,6,0.75,,,30f4a9d8-1575-4e7a-ac00-593d9be23ff1
02/24/2024,,,default,SI,43,6,0.0,,,45617fac-8f9b-436b-9b7e-87cdc20ead9e
11/13/2024,,,Unassigned,CN,46,34,0.75,,,479eb26c-924c-4d11-aca2-f83448918ac8
11/13/2024,,,Unassigned,CN,46,26,0.75,,,b581b86c-d786-4b1a-a419-6b8cde054944
11/13/2024,,,Unassigned,CN,46,33,0.75,,,e1442bd4-3502-4617-9125-59e38c6815b6
02/24/2024,,,default,SS,463,35,0.25,,,1153f68a-ad5a-4ee3-8ddb-e30ac1360350
02/24/2024,,,default,SS,463,32,0.25,,,2d999992-fddb-44d1-a822-1482958912f6
02/24/2024,,,default,SS,463,27,0.25,,,4c357fb5-f745-4d31-b437-426a6a742ab6
02/24/2024,,,default,SS,463,33,0.25,,,5dbe1d91-4136-4a1d-bfb7-f77877280332
02/24/2024,,,default,SS,463,28,0.5,,,6c9be3a9-4e8a-4cfe-af59-1947415973d1
02/24/2024,,,default,SS,463,32,0.0,,,9fe56d39-4658-4435-bac0-78725126d3bc
02/24/2024,,,default,SS,463,33,0.5,,,fcac946d-0a53-48eb-99ed-578d2efdfc45
11/13/2024,,,Unassigned,CN,49,24,0.5,,,2a076b39-cde3-4070-85aa-7d3c55c83a0c
11/13/2024,,,Unassigned,CN,49,24,0.5,,,74e26639-383e-41ac-8804-0822b5476eca
11/13/2024,,,Unassigned,CN,49,18,0.5,,,9bd757bf-f7a6-475c-aadd-8d9044e4aa6d
11/13/2024,,,Unassigned,CN,49,24,0.5,,,e502ac14-94b5-48c5-b508-6ddd58a5e49b
02/24/2024,,,default,PC,52,9,0.5,,,6ee14cba-ca68-47d2-96ca-571108d19c69
11/13/2024,,,Unassigned,PC,61,24,0.5,,,10789b1c-2022-428f-8947-785f4b37b44b
11/13/2024,,,Unassigned,PC,61,23,0.5,,,de13cda1-3e01-403c-9eec-372e25bc55e0
11/13/2024,,,Unassigned,CN,75,20,0.5,,,14c7f714-f998-4e2c-b142-b9f3b6a2ac91
11/13/2024,,,Unassigned,CN,75,24,0.5,,,a1615930-f5cd-4115-8269-7d922a295bb1
11/13/2024,,,Unassigned,CN,75,24,0.5,,,aa130782-21ad-4e77-b5de-a607e0a3d688
11/13/2024,,,Unassigned,CN,75,24,0.5,,,ded782a0-698f-4006-970b-7723aafb9d91
02/24/2024,,,default,SI,76,33,0.25,,,07bb82ff-5272-4aac-a0fc-eb932b569e1e
02/24/2024,,,default,SI,76,33,0.25,,,0aeee042-d382-4719-9cf2-835654f7e17b
02/24/2024,,,default,SI,76,33,0.0,,,5779c247-6721-48cf-9f36-dddef38e4751
02/24/2024,,,default,SI,76,33,0.5,,,92d7d3f3-9e3b-4b0c-9446-cc305cf0d2e1
02/24/2024,,,default,SI,76,33,0.25,,,c43edba8-c655-4755-97b7-a6c44ef0a33b
02/24/2024,,,default,SI,79,29,0.5,,,def3402d-1c93-4a89-b992-7d5b37dd9ba4
02/24/2024,,,default,SI,79,27,0.5,,,f42b5dd8-e4f9-4ad1-ba6b-75dd056d93f9
11/13/2024,,,Unassigned,SI,80,33,0.5,,,16c2c2ad-33ee-439f-8097-cad5ca2b6803
11/13/2024,,,Unassigned,SI,80,33,0.5,,,219747d7-8fee-4a0c-b08d-543c73df62b0
11/13/2024,,,Unassigned,SI,80,33,0.5,,,21bea09b-89dc-48e8-99eb-70979110a8fd
11/13/2024,,,Unassigned,SI,80,33,0.5,,,568dc88b-ca3d-4965-88fd-c7d76efb60d5
11/13/2024,,,Unassigned,SI,80,33,0.5,,,5fe77df4-243a-44e9-b59b-a9f14de2772f
11/13/2024,,,Unassigned,SI,80,33,0.5,,,6bf5d393-9dde-47f9-9ee1-312c074fbff7
11/13/2024,,,Unassigned,SI,80,33,0.5,,,73c08a18-5acc-474e-840a-982d1d74b285
11/13/2024,,,Unassigned,SI,80,33,0.5,,,a380824f-060b-4de2-bd3c-9e6d420a4d03
11/13/2024,,,Unassigned,SI,80,23,0.5,,,cd927aeb-fbea-4c30-b395-97c3e7dce339
11/13/2024,,,Unassigned,SI,80,33,0.5,,,da4312b4-17df-45ed-a1af-8f8c9f45b7b8
02/24/2024,,,default,SS,85,34,0.0,,,508ddf6e-0cce-49de-bbad-edca60f9a6ac
02/24/2024,,,default,SS,86,33,0.0,,,94dac562-0293-42e8-92d6-2649159d51ed
11/13/2024,,,Unassigned,SS,95,22,0.5,,,433e7bb8-da02-44dd-9ebb-17620318cae2
11/13/2024,,,Unassigned,SS,95,33,0.5,,,477ed4a6-a89f-4c72-a622-281237d07f9d
02/24/2024,,,default,OF,976,27,0.25,,,1194f89e-30f4-4997-8d24-715920ed545e
02/24/2024,,,default,OF,976,23,0.0,,,1d6101ac-f9f6-40b5-85d0-c1aeae5766b7
02/24/2024,,,default,OF,976,23,0.25,,,1f4bd1b2-64f0-43f9-ad81-ab834e372798
02/24/2024,,,default,OF,976,34,0.25,,,2d2d7e13-da9c-49b5-a700-6273b47c8efc
02/24/2024,,,default,OF,976,31,0.25,,,5620f9d0-c256-4f1c-8e42-970e8287066d
02/24/2024,,,default,OF,976,22,0.25,,,a853f027-7391-4115-ade6-648ae0c432b2
02/24/2024,,,default,OF,977,24,0.0,,,20c35702-7171-4ea9-acad-3e7fa8dada7d
02/24/2024,,,default,OF,977,26,0.25,,,53b0ec5f-663a-4628-8f1f-b09eac4df708
02/24/2024,,,default,OF,977,24,0.25,,,d296151f-8927-4c30-9871-b49b27a41cbb
02/24/2024,,,default,OF,987,18,0.25,,,8a8bd7ca-4068-4401-addd-0f8bf0bd3b56
02/24/2024,,,default,OF,987,21,0.25,,,a850ff16-a25a-4d80-a402-8bc9819b1d83
02/24/2024,,,default,OF,995,23,0.0,,,5581bbe1-a6aa-40d5-aba6-60db73c7f366
02/24/2024,,,default,OF,995,23,0.25,,,6788a591-4d8a-4fb6-9571-b6425e9f0f5f
02/24/2024,,,default,OF,995,15,0.5,,,e154116f-02e0-49a7-99e7-c0146d3d0e5c
02/12/2025,B,1,CU-035,AC,2514,15,0.0,,,37aec7a8-dfce-4e2b-86f0-db13e0f46b65
02/12/2025,C,1,CU-034,AC,2513,19,0.25,,,869c9a73-2c0d-43f6-bcef-5e2f419b492d
02/12/2025,D,1,CM-032,AC,2512,4,0.25,,,72335324-7e52-435f-a930-7de5e59380d5
02/12/2025,E,1,CM-031,AC,2511,14,0.25,,,fcd7f093-d52e-4a52-b958-18c8ca5285ed
02/12/2025,F,1,CU-020,AC,2508,79,0.25,,,c6a411fb-681f-4e8b-a7d0-ee484dbb99fe
02/12/2025,G,1,CU-014,AC,2506,2,0.25,,,2e0cc546-1cbe-4dd5-8f81-f2795da7cc03
02/12/2025,G,1,CU-014,AC,2506,5,0.0,,,f43da2f2-08ba-422b-b726-250d53c1aec9
02/12/2025,H,1,CU-009,AC,2505,8,0.25,,,f793c58f-803d-4730-9256-930390ef80b8
02/12/2025,I,1,CU-007,AC,2503,38,0.25,,,5a25fc85-de7f-4aa0-ac5e-fa509bfa8c4b
02/12/2025,J,1,CU-002,AC,2502,49,0.25,,,722745ca-7093-4f84-af6e-28a673fe4560
02/12/2025,K,1,CU-001,AC,2501,80,0.25,,,02230569-890d-4cca-b49c-aa9b9cfc5c20
02/12/2025,L,1,X,,,0,0,,,
02/12/2025,M,1,O,,,0,0,,,
02/12/2025,N,1,MC-1/4,MC,1,77,0.0,,,f5972bfe-34af-4ff7-8643-d784b9ede13b
02/12/2025,N,1,MC-1/4,MC,4,20,0.0,,,effc4e6d-3aad-4619-8e82-a81f66928403
02/12/2025,O,1,MC-3,MC,3,27,0.0,,,3173a7ea-2ef6-46d4-be32-7509a4bd5294
02/12/2025,P,1,MC-11,MC,11,50,0.0,,,cc697f44-4bc0-4354-b0d1-c443c332298b
02/12/2025,Q,1,MC-71,MC,71,79,0.0,,,14286855-ae0f-47aa-9efb-63681544592b
02/12/2025,R,1,MC-72,MC,72,40,0.0,,,c54aef85-c50d-4f15-a477-392b253f44d8
02/12/2025,R,1,MC-72,MC,74,41,0.0,,,5fd4c3dd-af89-4140-942b-70ada7e2c57b
02/12/2025,S,1,MC-74,MC,74,40,0.0,,,dce71bde-93ec-4238-888b-3dca2bf0c286
02/12/2025,S,1,MC-74,MC,75,70,0.0,,,126a19df-e473-4e4d-8612-5cbb0a8a5d81
02/12/2025,S,1,MC-74,MC,75,80,0.0,,,62a4a0f1-785d-418b-94cf-06220d041f27
02/12/2025,T,1,MC-75,MC,75,78,0.0,,,893efe53-bf72-4d3e-9f8a-613b58c0a181
02/12/2025,T,1,MC-75,MC,94,51,0.0,,,ee6c8d36-e712-459a-a94a-2f34a86fd9a2
02/12/2025,U,1,MC-94,MC,94,70,0.0,,,01a0d1f3-178c-4ef8-b127-0a28cbbfbf30
02/12/2025,U,1,MC-94,MC,95,102,0.0,,,5d6081d8-e73e-47bd-9f9c-f17047c25048
02/12/2025,U,1,MC-94,MC,95,112,0.0,,,c17469db-032d-41fa-a342-27294905e363
02/12/2025,V,1,MC-95,MC,95,105,0.0,,,ded0f318-04e1-447c-801b-384a081eb2b0
02/12/2025,W,1,X,,,0,0,,,
02/12/2025,X,1,X,,,0,0,,,
02/12/2025,Y,1,X,,,0,0,,,
02/12/2025,A,2,X,,,0,0,,,
02/12/2025,B,2,X,,,0,0,,,
02/12/2025,C,2,X,,,0,0,,,
02/12/2025,D,2,X,,,0,0,,,
02/12/2025,E,2,CU-089,,,0,0,,,
02/12/2025,F,2,CU-076,AC,2528,47,0.25,,,40e53bdf-388e-491b-b3b8-ef422c18deef
02/12/2025,G,2,CU-060,AC,2523,1,0.25,,,359b8050-f6be-4fe8-9c78-bc956f66226e
02/12/2025,H,2,CU-053,AC,2522,19,0.0,,,3e8970fe-2602-4db5-89ce-dba62f47f893
02/12/2025,H,2,CU-053,AC,2522,10,0.25,,,9bd46699-f13b-4cbd-8008-d5acc27abecb
02/12/2025,I,2,CU-044,,,0,0,,,
02/12/2025,J,2,CU-041,AC,2518,70,0.25,,,2402eaf7-14a5-4226-9a0f-f9a7728840fe
02/12/2025,K,2,CU-038,AC,2516,50,0.25,,,3be393a0-a055-4e39-8ead-4d2b0da7931e
02/12/2025,L,2,CU-036,AC,2515,48,0.25,,,317e38f6-45f5-4f72-8193-33ccaa223e85
02/12/2025,M,2,O,,,0,0,,,
02/12/2025,N,2,MC-108,MC,108,199,0.0,,,93ead21c-919b-4e10-83fa-44c6ddd0b105
02/12/2025,O,2,X,,,0,0,,,
02/12/2025,P,2,X,,,0,0,,,
02/12/2025,Q,2,X,,,0,0,,,
02/12/2025,R,2,X,,,0,0,,,
02/12/2025,S,2,X,,,0,0,,,
02/12/2025,T,2,X,,,0,0,,,
02/12/2025,U,2,X,,,0,0,,,
02/12/2025,V,2,X,,,0,0,,,
02/12/2025,W,2,X,,,0,0,,,
02/12/2025,X,2,X,,,0,0,,,
02/12/2025,Y,2,X,,,0,0,,,
02/12/2025,A,3,X,,,0,0,,,
02/12/2025,B,3,X,,,0,0,,,
02/12/2025,C,3,X,,,0,0,,,
02/12/2025,D,3,X,,,0,0,,,
02/12/2025,E,3,X,,,0,0,,,
02/12/2025,F,3,X,,,0,0,,,
02/12/2025,G,3,X,,,0,0,,,
02/12/2025,H,3,CU-130,AC,2544,2,0.25,,,74537b58-8595-4ad4-b8d6-c3cb708633fb
02/12/2025,I,3,CU-126,AC,2540,13,0.25,,,7e7c8631-f09e-49f0-bd5e-9739d919da77
02/12/2025,J,3,CL-123,AC,2539,28,0.25,,,671b2e74-90f4-4574-a198-d1debd81f4c6
02/12/2025,K,3,CU-103,AC,2534,24,0.0,,,8570374b-2dfe-42f4-82bc-64a2ea34724b
02/12/2025,L,3,CU-100,AC,2533,27,0.25,,,f643ad64-ba00-4236-a219-281423ff4c7c
02/12/2025,M,3,O,,,0,0,,,
02/12/2025,N,3,MC MIX1,MC,11,7,0.0,,,75bb3ecd-ba5c-46a6-8f1f-82aae8a1ab45
02/12/2025,N,3,MC MIX1,MC,13,16,0.0,,,a38fcd41-9cb9-4bb2-94a9-f14a6a41c221
02/12/2025,N,3,MC MIX1,MC,19,16,0.0,,,0db0770c-c034-46b5-8f05-43379720d5a4
02/12/2025,N,3,MC MIX1,MC,29,12,0.0,,,c29e6819-64ff-4cf6-afec-1c85d74b7202
02/12/2025,N,3,MC MIX1,MC,32,2,0.0,,,21977ece-c01e-4652-98fd-5fb6affa9c8d
02/12/2025,N,3,MC MIX1,MC,33,7,0.0,,,e93e78df-b819-4cde-9138-4d9091abdb7e
02/12/2025,N,3,MC MIX1,MC,35,1,0.0,,,1d5be893-dcc2-4553-81dc-2a32a07a16f0
02/12/2025,N,3,MC MIX1,MC,36,8,0.0,,,89e23fb5-d5a0-49d4-af43-d0a72fbf22aa
02/12/2025,N,3,MC MIX1,MC,4,15,0.0,,,e45dadd2-aa1a-4cc2-9cb9-508963e719c3
02/12/2025,N,3,MC MIX1,MC,40,6,0.0,,,abda243d-7b67-4dba-8141-b64e2ecee387
02/12/2025,O,3,MC MIX2,MC,41,4,0.0,,,bb140c5f-65bc-4e1f-b8b5-8e9337796550
02/12/2025,O,3,MC MIX2,MC,44,1,0.0,,,9288776b-6245-477c-bb04-771411c7697b
02/12/2025,O,3,MC MIX2,MC,53,19,0.0,,,ecf1f889-f6db-49fd-92d9-994d07a30c29
02/12/2025,O,3,MC MIX2,MC,57,18,0.0,,,5c45410b-ddc8-4b87-9ee1-17f5592cd15c
02/12/2025,O,3,MC MIX2,MC,58,1,0.0,,,9fe253cd-b767-433f-92b2-6034721ae80f
02/12/2025,O,3,MC MIX2,MC,59,6,0.0,,,92f81525-d99a-4a4c-9ad2-7cb9f302207f
02/12/2025,O,3,MC MIX2,MC,60,10,0.0,,,964134bb-baa6-4e5a-a806-2744600d6155
02/12/2025,O,3,MC MIX2,MC,61,13,0.0,,,14d29a59-9c6a-480f-8b04-0bf72c48145c
02/12/2025,O,3,MC MIX2,MC,62,25,0.0,,,77bd0b2b-adab-41a9-a29e-ba2e190be633
02/12/2025,P,3,MC MIX3,MC,63,48,0.0,,,299a59f0-2124-4a68-9fe3-78679da47608
02/12/2025,P,3,MC MIX3,MC,64,6,0.0,,,b5edd173-5d06-473a-8307-94e6e43147a9
02/12/2025,P,3,MC MIX3,MC,73,24,0.0,,,30df65aa-19d1-4621-84a8-bceb4e866261
02/12/2025,P,3,MC MIX3,MC,76,2,0.0,,,a2ac8836-e4db-4074-8219-bec7a0a7b190
02/12/2025,P,3,MC MIX3,MC,92,64,0.0,,,faa576e3-5220-4041-82f4-1bba5b3d8b33
02/12/2025,P,3,MC MIX3,MC,93,31,0.0,,,c6ac5d30-3552-4b3d-ac39-04523960185a
02/12/2025,Q,3,MC MIX4,MC,126,23,0.0,,,ac6d85d3-5c8a-42a5-a7d3-4b7462929da3
02/12/2025,Q,3,MC MIX4,MC,127,61,0.0,,,7733ad30-4dbd-49fa-9161-2a79c2b5126c
02/12/2025,R,3,MC MIX5,MC,203,105,0.0,,,d6708965-efa4-41ab-8813-13ab59d50014
02/12/2025,R,3,MC MIX5,MC,205,15,0.0,,,6a746ce2-47fe-4c25-b561-bff1bd3a3ecd
02/12/2025,S,3,X,,,0,0,,,
02/12/2025,T,3,X,,,0,0,,,
02/12/2025,U,3,X,,,0,0,,,
02/12/2025,V,3,X,,,0,0,,,
02/12/2025,W,3,X,,,0,0,,,
02/12/2025,X,3,X,,,0,0,,,
02/12/2025,Y,3,X,,,0,0,,,
02/12/2025,A,4,X,,,0,0,,,
02/12/2025,B,4,X,,,0,0,,,
02/12/2025,C,4,X,,,0,0,,,
02/12/2025,D,4,X,,,0,0,,,
02/12/2025,E,4,X,,,0,0,,,
02/12/2025,F,4,X,,,0,0,,,
02/12/2025,G,4,X,,,0,0,,,
02/12/2025,H,4,X,,,0,0,,,
02/12/2025,I,4,X,,,0,0,,,
02/12/2025,J,4,X,,,0,0,,,
02/12/2025,K,4,X,,,0,0,,,
02/12/2025,L,4,X,,,0,0,,,
02/12/2025,M,4,O,,,0,0,,,
02/12/2025,N,4,PS-1,PS,1,44,0.0,,,704177b2-47c2-4746-942d-4844f6088b4d
02/12/2025,O,4,PS-2,PS,2,47,0.0,,,1961f11b-91ee-4af6-bbba-2f021bd9f554
02/12/2025,P,4,PS-3,PS,3,49,0.0,,,08cae47d-dcd5-4ecc-a421-28c29432a1c0
02/12/2025,Q,4,PS-4,PS,4,60,0.0,,,a6c7fc38-7e85-4c83-83f9-488934568b57
02/12/2025,R,4,PS-8,PS,8,25,0.0,,,bb194a11-7900-4c5c-914e-b413cf3f43ca
02/12/2025,S,4,PS-14,PS,14,50,0.0,,,6c393a50-11b0-4bac-9737-63257838d123
02/12/2025,T,4,PS-21,PS,21,39,0.0,,,074e73a8-3032-4fc7-9027-71f1366b9cd7
02/12/2025,U,4,PS-22,PS,22,37,0.0,,,48c036e6-4a16-497b-b0e0-1ddf771abea7
02/12/2025,V,4,PS-23,PS,23,85,0.0,,,0113952f-9be0-4099-bfc1-f2f9e3fe67a4
02/12/2025,W,4,PS-25,PS,25,41,0.0,,,ae8f3dd7-0220-4374-8da4-d5c7556284ba
02/12/2025,X,4,X,,,0,0,,,
02/12/2025,Y,4,X,,,0,0,,,
02/12/2025,A,5,X,,,0,0,,,
02/12/2025,B,5,X,,,0,0,,,
02/12/2025,C,5,X,,,0,0,,,
02/12/2025,D,5,X,,,0,0,,,
02/12/2025,E,5,X,,,0,0,,,
02/12/2025,F,5,X,,,0,0,,,
02/12/2025,G,5,X,,,0,0,,,
02/12/2025,H,5,FM-20,AC,2582,7,0.25,,,20d43ad5-05d6-40bd-836a-bd8118d24448
02/12/2025,I,5,FM-18,AC,2580,70,0.0,,,c13c3345-241c-4ceb-8010-6cb6e647e505
02/12/2025,I,5,FM-18,AC,2580,20,0.25,,,e35cf68c-e0a0-408b-bcab-881478c4c903
02/12/2025,J,5,FM-13,AC,2578,8,0.0,,,a15321b7-871e-433d-afa3-854b325d3f36
02/12/2025,K,5,FM-8,AC,2575,12,0.0,,,73cf4895-e292-487f-8f6a-a199715e238b
02/12/2025,L,5,FM-5,AC,2572,3,0.0,,,09ccd4d1-2a70-4558-a124-8d9f9c9141da
02/12/2025,M,5,O,,,0,0,,,
02/12/2025,N,5,PS MIX4,PS,23,29,0.0,,,4d66d719-b6a8-41e5-a11c-e0baecc27aa6
02/12/2025,N,5,PS MIX4,PS,5,30,0.0,,,d4596eff-7c09-431d-b604-a40797fb1281
02/12/2025,N,5,PS MIX4,MC,73,27,0.0,,,b984eccf-8392-4432-b5de-1e2dced8e69b
02/12/2025,O,5,PS-24,PS,24,35,0.0,,,e87455ab-fff9-432d-ac39-7636c71de5ce
02/12/2025,P,5,PS-27,PS,27,33,0.0,,,73e8624e-bb64-48fe-a8c3-7ad03681da13
02/12/2025,Q,5,PS-UNK,MC,0,7,0.0,,,dedc5b79-cfa8-49b4-bc5e-8cc9cd5261ce
02/12/2025,Q,5,PS-UNK,PS,0,4,0.0,,,98609f3c-d605-44a2-8a17-bb5f6ddd24ab
02/12/2025,R,5,X,,,0,0,,,
02/12/2025,S,5,X,,,0,0,,,
02/12/2025,T,5,X,,,0,0,,,
02/12/2025,U,5,X,,,0,0,,,
02/12/2025,V,5,X,,,0,0,,,
02/12/2025,W,5,X,,,0,0,,,
02/12/2025,X,5,X,,,0,0,,,
02/12/2025,Y,5,X,,,0,0,,,
02/12/2025,A,6,X,,,0,0,,,
02/12/2025,B,6,X,,,0,0,,,
02/12/2025,C,6,X,,,0,0,,,
02/12/2025,D,6,X,,,0,0,,,
02/12/2025,E,6,X,,,0,0,,,
02/12/2025,F,6,T-DT-1,AC,2651,70,0.25,,,9f966e5a-daa1-496f-930a-1fb47c4b70b4
02/12/2025,F,6,T-DT-1,AC,2651,10,0.0,,,eaef3d39-64b0-4847-9119-5447e43405b9
02/12/2025,G,6,X,,,0,0,,,
02/12/2025,H,6,X,,,0,0,,,
02/12/2025,I,6,X,,,0,0,,,
02/12/2025,J,6,X,,,0,0,,,
02/12/2025,K,6,NB-4,AC,2603,4,0.0,,,3694c596-97b1-4752-bad5-9620023e3f37
02/12/2025,K,6,NB-4,AC,2603,5,0.25,,,8b9daac2-662a-457a-8ea0-c9492708f82c
02/12/2025,L,6,X,,,0,0,,,
02/12/2025,M,6,O,,,0,0,,,
02/12/2025,N,6,PS MIX1,PS,10,15,0.0,,,fec265af-a26a-43b7-8365-0d4410cd7cfe
02/12/2025,N,6,PS MIX1,PS,11,6,0.0,,,d96dfa0b-895e-4612-9db6-3e12421b6c4a
02/12/2025,N,6,PS MIX1,PS,13,25,0.0,,,af80175b-14f9-4897-a0cb-a3691229e943
02/12/2025,N,6,PS MIX1,PS,17,50,0.0,,,0180a422-3ea0-4ef0-a94d-4b057ff5b022
02/12/2025,N,6,PS MIX1,PS,18,4,0.0,,,52b94cfe-b015-4012-9fca-8a05abc0e0ac
02/12/2025,N,6,PS MIX1,PS,5,23,0.0,,,9592b5ed-a324-4b09-98d4-824f1681631b
02/12/2025,O,6,PS MIX2,PS,24,47,0.0,,,5733936b-7493-4b56-9f1e-83b5b6fa64d3
02/12/2025,O,6,PS MIX2,PS,26,8,0.0,,,3e36137d-4209-4316-8734-59e22d9634e1
02/12/2025,O,6,PS MIX2,PS,27,2,0.0,,,1ca324ac-caa0-47eb-bfda-38173fd01fac
02/12/2025,O,6,PS MIX2,PS,28,10,0.0,,,7c2cc9c2-a04a-4393-9c60-87ab90636445
02/12/2025,O,6,PS MIX2,PS,29,32,0.0,,,44cb350e-638a-4734-843a-530e656130f3
02/12/2025,P,6,PS MIX3,PS,35,18,0.0,,,0c874cc9-e4fd-4f77-b5c0-15cb19ecb452
02/12/2025,P,6,PS MIX3,PS,36,12,0.0,,,00ab5d13-76e1-4bc6-b260-d072b2c11f2d
02/12/2025,P,6,PS MIX3,PS,37,40,0.0,,,8bb30b39-d664-476a-8415-c5a4822d6fb0
02/12/2025,Q,6,X,,,0,0,,,
02/12/2025,R,6,X,,,0,0,,,
02/12/2025,S,6,X,,,0,0,,,
02/12/2025,T,6,X,,,0,0,,,
02/12/2025,U,6,X,,,0,0,,,
02/12/2025,V,6,X,,,0,0,,,
02/12/2025,W,6,X,,,0,0,,,
02/12/2025,X,6,X,,,0,0,,,
02/12/2025,Y,6,X,,,0,0,,,
02/12/2025,A,7,X,,,0,0,,,
02/12/2025,B,7,X,,,0,0,,,
02/12/2025,C,7,X,,,0,0,,,
02/12/2025,D,7,NB-8a,AC,2618,5,0.0,,,e3ee6409-bf95-4e2f-91b8-432b7714e0ed
02/12/2025,D,7,NB-8a,AC,2618,14,0.25,,,e5be7d7e-717c-4f4e-abfd-2684ee3708af
02/12/2025,E,7,NB-6a,,,0,0,,,
02/12/2025,F,7,NB-5a,AC,2616,29,0.25,,,fb3c8434-3e7e-4d47-a880-836d75a21006
02/12/2025,G,7,NB-4a,AC,2615,1,0.25,,,8429d1ad-efb3-4fae-a669-480a39e95425
02/12/2025,H,7,NB-20,AC,2612,7,0.25,,,5e436392-56fb-4010-8595-9c7ecfa445c1
02/12/2025,I,7,NB-15,AC,2611,7,0.0,,,0a340376-b270-4154-8aa9-fb8fa50bdb4c
02/12/2025,J,7,NB-8,AC,2607,6,0.0,,,3cfba284-861d-4958-90f0-c17c36b0ad14
02/12/2025,K,7,NB-4,AC,2603,70,0.25,,,08a089a8-04d6-4d19-a4cb-6a86e316e3cf
02/12/2025,L,7,NB-1,AC,2601,19,0.0,,,fc7a1c38-0cb0-4092-ac22-25bd69909045
02/12/2025,M,7,O,,,0,0,,,
02/12/2025,N,7,OF-1,OF,1,20,0.0,,,0bf92f54-d03b-48cd-b7fc-000acd202ddb
02/12/2025,O,7,OF-7,OF,7,9,0.0,,,62470312-7bcd-4549-bdfe-0df954a20852
02/12/2025,P,7,OF-180,OF,180,18,0.0,,,a6f095e0-8ad8-4f86-9654-1cd693ff4b06
02/12/2025,Q,7,OF-183,OF,183,52,0.0,,,1c373aaa-56c2-415c-8994-a096ce06140b
02/12/2025,R,7,OF-185,OF,185,18,0.0,,,d5e5cad1-aff2-42c8-8d90-4ea51f57c866
02/12/2025,S,7,OF-186/187,OF,186,52,0.0,,,56a0b044-60b6-43a3-aa70-8e97e14d8105
02/12/2025,S,7,OF-186/187,OF,187,96,0.0,,,5f953c00-60b5-4cf8-93f4-c1f53e49e0a3
02/12/2025,T,7,OF-924,OF,187,71,0.0,,,67b29e39-69db-4ee7-af5c-32411252dcb6
02/12/2025,T,7,OF-924,OF,924,57,0.0,,,40258443-bfca-484b-90bf-9f0a19307ba8
02/12/2025,U,7,OF-UNK,OF,0,15,0.0,,,01f6cfe0-1091-4d7e-86fd-2396f8f70101
02/12/2025,U,7,OF-UNK,OF,924,57,0.0,,,166f8c2b-26aa-441b-b81b-66ba964acd9f
02/12/2025,V,7,OF-?,OF,0,4,0.0,,,ce89eda4-16b7-43e7-9c5d-ab509a1c38b1
02/12/2025,W,7,X,,,0,0,,,
02/12/2025,X,7,X,,,0,0,,,
02/12/2025,Y,7,X,,,0,0,,,
02/12/2025,A,8,X,,,0,0,,,
02/12/2025,B,8,X,,,0,0,,,
02/12/2025,C,8,X,,,0,0,,,
02/12/2025,D,8,X,,,0,0,,,
02/12/2025,E,8,X,,,0,0,,,
02/12/2025,F,8,X,,,0,0,,,
02/12/2025,G,8,X,,,0,0,,,
02/12/2025,H,8,X,,,0,0,,,
02/12/2025,I,8,X,,,0,0,,,
02/12/2025,J,8,X,,,0,0,,,
02/12/2025,K,8,RD-2,AC,2627,95,0.25,,,5922e233-ef8f-4db0-951d-fef7b3b598bd
02/12/2025,L,8,X,,,0,0,,,
02/12/2025,M,8,O,,,0,0,,,
02/12/2025,N,8,OF-1035,OF,1035,67,0.0,,,b76d1e3c-dccd-46eb-b8e6-c4f0e5682007
02/12/2025,O,8,OF-987/1004,OF,1004,42,0.0,,,8c1a647e-52f2-4a12-b28e-6f306bfa772b
02/12/2025,O,8,OF-987/1004,OF,987,38,0.0,,,6ec5b41d-7538-4fa3-8eee-d1a1d515b67c
02/12/2025,P,8,OF977,OF,977,40,0.0,,,d4ced1fa-49fb-4a7f-b658-24505c6c3aa5
02/12/2025,Q,8,OF971,OF,971,135,0.0,,,27fda12d-9de0-44e2-bdc5-c05d33cd7e99
02/12/2025,R,8,OF328,OF,328,22,0.0,,,0b8535f9-0d58-4a3f-942c-7b89ba445bac
02/12/2025,S,8,OF995,OF,995,36,0.0,,,8907c2fe-1620-42ef-975d-0a5428118cce
02/12/2025,T,8,X,,,0,0,,,
02/12/2025,U,8,X,,,0,0,,,
02/12/2025,V,8,X,,,0,0,,,
02/12/2025,W,8,X,,,0,0,,,
02/12/2025,X,8,X,,,0,0,,,
02/12/2025,Y,8,X,,,0,0,,,
02/12/2025,A,9,X,,,0,0,,,
02/12/2025,B,9,X,,,0,0,,,
02/12/2025,C,9,X,,,0,0,,,
02/12/2025,D,9,X,,,0,0,,,
02/12/2025,E,9,X,,,0,0,,,
02/12/2025,F,9,X,,,0,0,,,
02/12/2025,G,9,X,,,0,0,,,
02/12/2025,H,9,RD-7,AC,2632,2,0.0,,,0dbe93f0-edf2-4eb9-994b-7673ec34c875
02/12/2025,I,9,RD-6,AC,2631,21,0.25,,,aeae6f1a-f924-40ff-bfe6-33e9f15c8fe3
02/12/2025,J,9,RD-3,AC,2628,2,0.0,,,310a407b-d316-4303-8189-fec2fd8e7177
02/12/2025,K,9,RD-2,AC,2627,95,0.5,,,12dbc6e8-1b69-4d38-91a9-703b0ee8c2f8
02/12/2025,L,9,RD-1,AC,2626,5,0.0,,,611a8bff-392d-4916-947c-5b53c315c7d8
02/12/2025,M,9,O,,,0,0,,,
02/12/2025,N,9,OF MIX1,OF,100,2,0.0,,,1da8a48b-3c34-40f5-b86a-884c7e775584
02/12/2025,N,9,OF MIX1,OF,11,1,0.0,,,0f4efef2-4b0b-4fa0-a9ab-dc91aef6ef2a
02/12/2025,N,9,OF MIX1,OF,181,2,0.0,,,4ecbfe85-6dec-4d9a-bc2b-d97412646a55
02/12/2025,N,9,OF MIX1,OF,23,1,0.0,,,0bbb5543-4051-4b93-864a-afe8fe8d3b2f
02/12/2025,N,9,OF MIX1,OF,32,1,0.0,,,16dd8e55-17c6-423f-83bb-b433f8b1b4ea
02/12/2025,N,9,OF MIX1,OF,5,4,0.0,,,bc7c993b-1eb4-4345-88f9-3091b494c347
02/12/2025,N,9,OF MIX1,OF,65,1,0.0,,,42892437-f006-41da-852a-c37dd2ca6af6
02/12/2025,N,9,OF MIX1,OF,668,8,0.0,,,79f5acda-581a-4b7e-82dc-ff9151753afa
02/12/2025,N,9,OF MIX1,OF,672,2,0.0,,,759a56e1-f561-4000-87cf-27c870664dbe
02/12/2025,N,9,OF MIX1,OF,675,5,0.0,,,56e26852-ddfc-413c-8e17-5a917d83ba90
02/12/2025,N,9,OF MIX1,OF,698,2,0.0,,,299141ed-a707-4114-bf49-413b5d2e7cf4
02/12/2025,N,9,OF MIX1,OF,700,12,0.0,,,b6a67c38-8758-4add-82e8-49635184be95
02/12/2025,N,9,OF MIX1,OF,801,16,0.0,,,e731069e-3feb-43e4-b69d-62fb25b17ee1
02/12/2025,N,9,OF MIX1,OF,920,7,0.0,,,6a57804d-da9e-4cd9-94ab-4c9c29385338
02/12/2025,N,9,OF MIX1,OF,925,5,0.0,,,15ceb491-08b1-47e7-8b27-c789c0eb27af
02/12/2025,N,9,OF MIX1,OF,96,9,0.0,,,af3fccda-5e35-497f-8620-b15a10d5e595
02/12/2025,N,9,OF MIX1,OF,97,9,0.0,,,07b88b4f-37cf-4783-bd30-4774bf0936ae
02/12/2025,N,9,OF MIX1,OF,98,4,0.0,,,c5276e1c-03cd-4934-a3ae-300b240768e1
02/12/2025,O,9,OF MIX2,OF,125,3,0.0,,,579ce2bf-0edf-42c6-b031-10f2e94103ae
02/12/2025,O,9,OF MIX2,OF,181,1,0.0,,,a8e3e0df-7179-44a0-b714-72b5b65f1bc1
02/12/2025,O,9,OF MIX2,OF,423,1,0.0,,,972b8f14-d35e-47a1-9cd1-68421a5202db
02/12/2025,O,9,OF MIX2,OF,441,1,0.0,,,24959b93-3bee-4f13-9fb4-98ded1cae4ca
02/12/2025,O,9,OF MIX2,OF,622,1,0.0,,,5e9b2f03-d22c-44dc-b977-7ada4cd7b931
02/12/2025,O,9,OF MIX2,OF,626,1,0.0,,,1c0ccb50-e3e2-4b41-9073-54ae09981321
02/12/2025,O,9,OF MIX2,OF,668,7,0.0,,,e37c0b17-0b1c-4b1a-9c5a-e71c699bcdea
02/12/2025,O,9,OF MIX2,OF,672,2,0.0,,,b1e6857a-e8bd-47ec-9f58-6d8b2b40d9eb
02/12/2025,O,9,OF MIX2,OF,675,3,0.0,,,30c61cd6-976a-49b0-adab-e2a023bccde1
02/12/2025,P,9,OF MIX3,OF,678,1,0.0,,,b683e5e6-3a9c-4448-b13f-235d0b62403d
02/12/2025,P,9,OF MIX3,OF,680,1,0.0,,,5129df10-75c2-4bf3-ad1a-2565b2cf2337
02/12/2025,P,9,OF MIX3,OF,695,6,0.0,,,b60bc885-7549-4802-9839-ec62975cdb20
02/12/2025,P,9,OF MIX3,OF,698,2,0.0,,,a70e9afc-03d3-452b-93d4-30c12f42ac43
02/12/2025,P,9,OF MIX3,OF,700,13,0.0,,,6618f76d-5a37-4915-b451-7ecfd14bf1fe
02/12/2025,P,9,OF MIX3,OF,701,3,0.0,,,0ebd6326-8ccf-4eb4-a9de-141aadcd3a29
02/12/2025,P,9,OF MIX3,OF,800,9,0.0,,,cc832ba1-1b5e-4acc-8770-8de1aef6a265
02/12/2025,P,9,OF MIX3,OF,920,13,0.0,,,7b605b3f-70f7-4204-8e75-6939ce3d468f
02/12/2025,P,9,OF MIX3,OF,925,5,0.0,,,937dda84-7e44-433c-a5e1-db70fa74bd0e
02/12/2025,Q,9,OF MIX4,OF,182,3,0.0,,,06806666-2a32-4d98-b2fa-84fd25765b82
02/12/2025,Q,9,OF MIX4,OF,184,35,0.0,,,2d4902b5-d56e-4d89-a614-f5f174e5c1d6
02/12/2025,Q,9,OF MIX4,OF,801,25,0.0,,,a2f00a99-2ff9-456d-8100-b474c11547ac
02/12/2025,R,9,OF MIX5,OF,1017,25,0.0,,,c99daa67-166c-475b-a8fc-27ded1295021
02/12/2025,R,9,OF MIX5,OF,1018,45,0.0,,,550e6a58-94fc-4f65-9fe2-e3929cc15ee5
02/12/2025,R,9,OF MIX5,OF,1019,36,0.0,,,3422a61c-f6b1-43a8-865a-f892786cf6ca
02/12/2025,S,9,X,,,0,0,,,
02/12/2025,T,9,X,,,0,0,,,
02/12/2025,U,9,X,,,0,0,,,
02/12/2025,V,9,X,,,0,0,,,
02/12/2025,W,9,X,,,0,0,,,
02/12/2025,X,9,X,,,0,0,,,
02/12/2025,Y,9,X,,,0,0,,,
02/12/2025,A,10,X,,,0,0,,,
02/12/2025,B,10,X,,,0,0,,,
02/12/2025,C,10,X,,,0,0,,,
02/12/2025,D,10,X,,,0,0,,,
02/12/2025,E,10,X,,,0,0,,,
02/12/2025,F,10,RD-14,AC,2634,30,0.25,,,33c58110-27bf-43e8-a6a5-7d3f18b8f156
02/12/2025,G,10,RD-13,AC,2633,6,0.25,,,531949e6-e9d8-4c28-9e68-3be6274bc4ec
02/12/2025,H,10,RD-37,AC,2640,1,0.0,,,8e77ff54-093b-48ae-bc9d-d84c8f73255b
02/12/2025,I,10,RD-33,AC,2639,7,0.0,,,51dd8386-1721-47a1-9cce-6f3c20b4e202
02/12/2025,J,10,RD-30,AC,2638,9,0.0,,,2e59ba1e-127c-42c8-9376-f73f8da7f0dc
02/12/2025,J,10,RD-30,AC,2638,20,0.25,,,7f044977-b2d4-4919-8436-0b0cb01fe13c
02/12/2025,K,10,RD-21,AC,2637,5,0.0,,,77d416ba-9ee8-4f71-bce3-0eec7f74e9ad
02/12/2025,K,10,RD-21,AC,2637,8,0.25,,,e3cc0256-0d09-4e4d-9b1b-e0d0c41622ad
02/12/2025,L,10,RD-16,AC,2635,90,0.25,,,aab5f420-1ef7-4c9f-8998-7a751063d77e
02/12/2025,M,10,O,,,0,0,,,
02/12/2025,N,10,DL-1,DL,1,35,0.0,,,ae733e78-a8bc-4465-be26-fee32d2f577e
02/12/2025,O,10,DL-2,DL,2,22,0.0,,,47634d73-69fb-4e29-b406-d02f75420754
02/12/2025,P,10,DL-3,DL,3,40,0.0,,,a076db49-cefd-47c2-b100-38cc4b07a2be
02/12/2025,Q,10,DL-19,DL,19,12,0.0,,,c3120b2b-cc34-421b-9823-cd8f0c1c0c29
02/12/2025,R,10,DL-20,DL,20,82,0.0,,,e0b2afb4-498d-4260-87e6-261e04f03e55
02/12/2025,S,10,DL-21,DL,21,44,0.0,,,33109bc0-52ca-47cc-a3d9-1ce0728e07a9
02/12/2025,T,10,DL-22,DL,22,29,0.0,,,0d765bb1-c402-43e9-bf86-3c0942ed2a9a
02/12/2025,U,10,X,,,0,0,,,
02/12/2025,V,10,X,,,0,0,,,
02/12/2025,W,10,X,,,0,0,,,
02/12/2025,X,10,X,,,0,0,,,
02/12/2025,Y,10,X,,,0,0,,,
02/12/2025,A,11,X,AC,31,95,0.5,,,aa250273-bc15-43d7-9a98-36d0d50329d3
02/12/2025,B,11,X,,,0,0,,,
02/12/2025,C,11,X,,,0,0,,,
02/12/2025,D,11,X,,,0,0,,,
02/12/2025,E,11,X,AC,10,100,0.25,,,835fe15e-2c0b-42f1-ace9-bd2b2f2e49fc
02/12/2025,F,11,X,,,0,0,,,
02/12/2025,G,11,X,,,0,0,,,
02/12/2025,H,11,X,,,0,0,,,
02/12/2025,I,11,X,,,0,0,,,
02/12/2025,J,11,X,,,0,0,,,
02/12/2025,K,11,X,,,0,0,,,
02/12/2025,L,11,X,,,0,0,,,
02/12/2025,M,11,O,,,0,0,,,
02/12/2025,N,11,DL-23,DL,23,44,0.0,,,56346b7d-a0b5-43bd-93ec-a0d866813eb4
02/12/2025,O,11,X,,,0,0,,,
02/12/2025,P,11,X,,,0,0,,,
02/12/2025,Q,11,X,,,0,0,,,
02/12/2025,R,11,X,,,0,0,,,
02/12/2025,S,11,X,,,0,0,,,
02/12/2025,T,11,X,,,0,0,,,
02/12/2025,U,11,X,,,0,0,,,
02/12/2025,V,11,X,,,0,0,,,
02/12/2025,W,11,X,,,0,0,,,
02/12/2025,X,11,X,,,0,0,,,
02/12/2025,Y,11,X,,,0,0,,,
02/12/2025,A,12,X,AC,31,100,0.25,,,d27627dd-ef28-4798-8688-bcdbcac6ef03
02/12/2025,B,12,AC-29,AC,29,13,0.0,,,f639efcf-c1cb-4687-a249-5fe69255444f
02/12/2025,C,12,X,AC,20,7,0.25,,,cd4d40bf-b71b-40c2-a66c-2ba6228437b9
02/12/2025,D,12,AC-13,AC,13,5,0.0,,,15cfe92b-7c68-4953-95db-ee77a00c717e
02/12/2025,D,12,AC-13,AC,13,19,0.25,,,5d85d5bf-d4bd-413b-a153-5a51fb51502e
02/12/2025,E,12,AC-10,AC,10,75,0.5,,,85b4879f-dde9-4df8-8e98-ea1b6c1596d8
02/12/2025,E,12,AC-10,AC,10,20,0.25,,,a2260b34-ca03-4885-bcf9-60da72e4fc45
02/12/2025,F,12,AC-8,AC,8,5,0.25,,,09740605-f575-49e1-a4bb-7d8e2b973ab9
02/12/2025,G,12,AC-7,AC,7,20,0.25,,,9647bfed-82d4-4599-98c2-e826084efbe5
02/12/2025,H,12,AC-6,AC,6,45,0.0,,,06252e45-348a-4058-8d2c-eba16acdb4a8
02/12/2025,I,12,AC-5,AC,5,20,0.25,,,63a73330-b04f-4295-8546-69a3529b33e5
02/12/2025,J,12,AC-4,AC,4,15,0.25,,,23e80bb6-dda5-41cc-a70f-776d926e5d00
02/12/2025,K,12,AC-3,AC,3,100,0.25,,,079bedf2-2290-4759-a7e1-c9e3120211e7
02/12/2025,L,12,AC-1,AC,1,30,0.0,,,7c7f4ff8-89de-495f-b1bc-c639795c7009
02/12/2025,L,12,AC-1,AC,1,20,0.25,,,928a388b-81ef-4b6e-99c5-a7731c0c120f
02/12/2025,M,12,O,,,0,0,,,
02/12/2025,N,12,DL MIX1,DL,15,40,0.0,,,4c723951-6993-40fa-ab58-72a30345e847
02/12/2025,N,12,DL MIX1,DL,16,25,0.0,,,1f99f70e-c955-4bd7-81e1-dcd6f3d42e44
02/12/2025,N,12,DL MIX1,DL,17,57,0.0,,,3432602c-bc1a-46e4-bdb2-06af9181f6d4
02/12/2025,N,12,DL MIX1,DL,18,23,0.0,,,8c5109ea-a6e6-4dba-ba85-04d6652e19c9
02/12/2025,O,12,DL MIX2,DL,256,37,0.0,,,3b3f967d-5cc8-4c29-a3ca-353c8c04be99
02/12/2025,O,12,DL MIX2,DL,257,19,0.0,,,0e68d379-48d0-4ec4-ac56-42b5ab99b31f
02/12/2025,P,12,X,,,0,0,,,
02/12/2025,Q,12,X,,,0,0,,,
02/12/2025,R,12,X,,,0,0,,,
02/12/2025,S,12,X,,,0,0,,,
02/12/2025,T,12,X,,,0,0,,,
02/12/2025,U,12,X,,,0,0,,,
02/12/2025,V,12,X,,,0,0,,,
02/12/2025,W,12,X,,,0,0,,,
02/12/2025,X,12,X,,,0,0,,,
02/12/2025,Y,12,X,,,0,0,,,
02/12/2025,A,13,X,AC,57,40,0.25,,,52d594f0-e2a1-44ee-82de-429d42929ad3
02/12/2025,B,13,AC-56,AC,56,16,0.25,,,04f5e099-edbd-4826-88d4-e2421b5da090
02/12/2025,C,13,AC-55,AC,55,30,0.25,,,12860f9d-27cf-4986-9cb8-4905578ee2a9
02/12/2025,C,13,AC-55,AC,55,10,0.0,,,acaae227-498c-4591-8d65-192723f84f0e
02/12/2025,D,13,AC-54,AC,54,5,0.25,,,2de08014-d810-455d-8dcb-71b6255900be
02/12/2025,D,13,AC-54,AC,54,1,0.0,,,ef6b6f12-3d8d-4e96-b09b-9563ce250a04
02/12/2025,E,13,AC-51,AC,51,95,0.25,,,0c384081-4540-4475-bd5a-bafcbbcb3b7d
02/12/2025,F,13,AC-50,AC,50,13,0.25,,,99a04ce8-b62d-4207-9a7b-45141a76e937
02/12/2025,G,13,AC-48,AC,48,15,0.25,,,5edb8624-68c4-457c-91ed-0a9efadd6ab3
02/12/2025,H,13,AC-47,AC,47,55,0.25,,,8342c9e5-edd9-447d-8196-fdf00ae4ae39
02/12/2025,I,13,AC-46,AC,46,35,0.25,,,64ba9976-a374-4d02-bf0f-345059451b10
02/12/2025,J,13,AC-38,AC,38,45,0.25,,,95c26410-1611-4f52-8af0-449b50776512
02/12/2025,K,13,AC-36,AC,36,90,0.25,,,069f6728-490d-45dd-9a5a-cf4f92f17ce0
02/12/2025,K,13,AC-36,AC,36,10,0.0,,,a4cb0f21-2fbe-4d9b-98af-5ad7a0a28f05
02/12/2025,L,13,AC-34,AC,34,55,0.5,,,7eb07a6c-4d74-41a0-bb01-e44d6505516b
02/12/2025,L,13,AC-34,AC,34,40,0.25,,,892de97f-5d79-4ff6-a6a9-a3b7c1e1a66d
02/12/2025,M,13,BLOCK,,,0,0,,,
02/12/2025,N,13,BLOCK,,,0,0,,,
02/12/2025,O,13,BLOCK,,,0,0,,,
02/12/2025,P,13,OA-9,OA,9,132,0.0,,,65daa9ec-389e-4368-b528-27fb97990154
02/12/2025,Q,13,OA MIX1,OA,10,56,0.0,,,ce9b5c7e-6f0e-4aec-a261-616340be9511
02/12/2025,Q,13,OA MIX1,OA,11,24,0.0,,,2c6599c9-9250-43a7-afc4-631a02d7b751
02/12/2025,Q,13,OA MIX1,OA,12,42,0.0,,,3693e9d0-8b11-46ed-b96d-773a131a82fa
02/12/2025,Q,13,OA MIX1,OA,13,13,0.0,,,60bd7e75-99f2-4018-b0da-46b2d840f95a
02/12/2025,R,13,OA MIX1,OA,13,36,0.0,,,406dcb5c-5b65-440b-a282-854235101457
02/12/2025,S,13,X,,,0,0,,,
02/12/2025,T,13,X,,,0,0,,,
02/12/2025,U,13,X,,,0,0,,,
02/12/2025,V,13,X,,,0,0,,,
02/12/2025,W,13,X,,,0,0,,,
02/12/2025,X,13,X,,,0,0,,,
02/12/2025,Y,13,X,,,0,0,,,
02/12/2025,A,14,X,,,0,0,,,
02/12/2025,B,14,X,,,0,0,,,
02/12/2025,C,14,AC-84,AC,84,45,0.25,,,f447a349-a10b-4e35-ad45-6d8a55dbc449
02/12/2025,D,14,AC-80,AC,80,95,0.25,,,26ff2dfa-c399-46b6-9864-660729b3e21a
02/12/2025,E,14,X,,,0,0,,,
02/12/2025,F,14,X,,,0,0,,,
02/12/2025,G,14,X,,,0,0,,,
02/12/2025,H,14,X,,,0,0,,,
02/12/2025,I,14,X,,,0,0,,,
02/12/2025,J,14,X,,,0,0,,,
02/12/2025,K,14,X,,,0,0,,,
02/12/2025,L,14,X,,,0,0,,,
02/12/2025,M,14,BLOCK,,,0,0,,,
02/12/2025,N,14,BLOCK,,,0,0,,,
02/12/2025,O,14,BLOCK,,,0,0,,,
02/12/2025,P,14,CN-7/31,CN,31,78,0.0,,,b1d46625-fbe2-4abc-bd05-539aba091707
02/12/2025,P,14,CN-7/31,CN,7,46,0.0,,,e1e33b31-393a-416b-9c60-859ca181add2
02/12/2025,Q,14,CN-11,CN,11,15,0.0,,,4c1ade0d-1d29-49d1-bdb7-c61872f814da
02/12/2025,R,14,CN-12/39,CN,12,38,0.0,,,c7d9e21a-1263-4f13-9b8f-a623699ee9aa
02/12/2025,R,14,CN-12/39,CN,39,114,0.0,,,704d6252-5468-4a36-a0f1-deab28cd43fa
02/12/2025,S,14,CN MIX1,CN,10,19,0.0,,,42533902-97f8-439c-b72c-2f8b6ab7cf67
02/12/2025,S,14,CN MIX1,CN,3,23,0.0,,,50d56e05-0e46-454f-9cc2-0cf3926bdd43
02/12/2025,S,14,CN MIX1,CN,4,10,0.0,,,3d98c55c-e359-4275-9d3f-4a33bdaa86cb
02/12/2025,S,14,CN MIX1,CN,8,25,0.0,,,9bb7e699-7ea4-4dd8-9abe-e4473ec2b2ca
02/12/2025,S,14,CN MIX1,CN,9,37,0.0,,,a5719ef4-ced9-4d18-aa6e-b4d4907bb3e2
02/12/2025,T,14,X,,,0,0,,,
02/12/2025,U,14,X,,,0,0,,,
02/12/2025,V,14,X,,,0,0,,,
02/12/2025,W,14,X,,,0,0,,,
02/12/2025,X,14,X,,,0,0,,,
02/12/2025,Y,14,X,,,0,0,,,
02/12/2025,A,15,AC-89,AC,89,25,0.25,,,c444d6d0-8b63-4a92-8645-71194a2e7f22
02/12/2025,B,15,AC-88,AC,88,14,0.0,,,b4ba0a33-981e-424b-86e6-ffd264461a1f
02/12/2025,C,15,AC-84,AC,84,95,0.25,,,fa04fe1c-9a8a-4828-9515-7f160d7b8d13
02/12/2025,D,15,AC-80,AC,80,95,0.25,,,0948687a-bbb0-4e95-8512-10d1ae71979c
02/12/2025,E,15,AC-79,AC,79,18,0.25,,,5c27af74-061c-42d9-b793-a3e9d9b2d934
02/12/2025,F,15,AC-78,AC,78,5,0.0,,,06d07d40-cdcb-4eeb-b089-6e6fb13176fe
02/12/2025,G,15,AC-77,AC,77,15,0.0,,,659bceda-a62d-4f73-a00c-bade6941f95e
02/12/2025,G,15,AC-77,AC,77,50,0.25,,,949f2e46-80db-4459-802a-019e57b75482
02/12/2025,H,15,AC-76,AC,76,45,0.0,,,02d31933-7413-4c93-92c5-9203131dec4b
02/12/2025,I,15,AC-75,AC,75,95,0.5,,,d7638ff4-2ce9-4ee9-8671-92837537d82d
02/12/2025,J,15,AC-70,AC,70,10,0.0,,,e3f57f01-220e-4c00-aef5-17ae41ca616e
02/12/2025,K,15,AC-62,AC,62,100,0.5,,,a839a08c-cce7-411e-a58c-37a607169d0b
02/12/2025,L,15,AC-58,AC,58,95,0.25,,,81dc386d-d09b-4c60-af27-67a8708c3938
02/12/2025,M,15,BLOCK,,,0,0,,,
02/12/2025,N,15,BLOCK,,,0,0,,,
02/12/2025,O,15,BLOCK,,,0,0,,,
02/12/2025,P,15,DS MIX1,DS,1,3,0.0,,,1cbff940-b226-4833-9af2-2e0f629207b7
02/12/2025,P,15,DS MIX1,DS,2,1,0.0,,,d37c46f3-662f-4d37-9b4a-fd241e80af67
02/12/2025,P,15,DS MIX1,DS,3,1,0.0,,,b50d1f7c-bca1-4da9-91e3-57bb70f53f96
02/12/2025,P,15,DS MIX1,DS,4,5,0.0,,,8cd4ab5f-a942-446b-9c20-306e7195d291
02/12/2025,Q,15,2021 SR,DL,0,76,0.0,,,820b1ce9-d759-4da3-822d-8d6e80df3735
02/12/2025,Q,15,2021 SR,OF,0,29,0.0,,,ce34a6aa-8b3e-40f8-94e3-53a08b9a9a3d
02/12/2025,R,15,X,,,0,0,,,
02/12/2025,S,15,X,,,0,0,,,
02/12/2025,T,15,X,,,0,0,,,
02/12/2025,U,15,X,,,0,0,,,
02/12/2025,V,15,X,,,0,0,,,
02/12/2025,W,15,X,,,0,0,,,
02/12/2025,X,15,X,,,0,0,,,
02/12/2025,Y,15,X,,,0,0,,,
02/12/2025,A,16,X,,,0,0,,,
02/12/2025,B,16,X,,,0,0,,,
02/12/2025,C,16,X,,,0,0,,,
02/12/2025,D,16,X,,,0,0,,,
02/12/2025,E,16,X,,,0,0,,,
02/12/2025,F,16,X,,,0,0,,,
02/12/2025,G,16,X,,,0,0,,,
02/12/2025,H,16,AC-96,AC,96,2,0.0,,,65fe9f5b-f7b9-4457-9b06-cc1a66638fad
02/12/2025,I,16,AC-95,AC,95,48,0.25,,,30d82bd7-00d5-4eb6-8eab-1e5b7ffe75fd
02/12/2025,J,16,AC-94,AC,94,60,0.25,,,22dd4aa7-345c-4c42-a82a-f463ac7c8b83
02/12/2025,K,16,AC-91,AC,91,6,0.25,,,44a2af43-3e3d-4c3a-8798-315460094966
02/12/2025,L,16,AC-90,AC,90,28,0.25,,,5b75b8c1-2d7f-4eeb-8973-b6094609f8db
02/12/2025,M,16,O,,,0,0,,,
02/12/2025,N,16,X,,,0,0,,,
02/12/2025,O,16,X,,,0,0,,,
02/12/2025,P,16,PC-12,PC,12,102,0.0,,,90bc4d71-3f90-492e-ad0d-52c04f3ad3b2
02/12/2025,Q,16,PC-13,PC,13,64,0.0,,,ae08d831-bcb9-4887-b8d2-4a922e8b575d
02/12/2025,R,16,PC-15,PC,15,88,0.0,,,d92f781f-825b-443a-99ef-f8c9f2ab35f0
02/12/2025,S,16,PC-16,PC,16,59,0.0,,,4b3d569a-b049-423e-9e57-f0b1e7aa009b
02/12/2025,T,16,PC-17,PC,17,29,0.0,,,d4876a63-4be6-4b61-80d0-443fb09d8ff2
02/12/2025,U,16,PC-18,PC,18,66,0.0,,,37abdb26-e2e7-47ec-a078-45ae91ddb329
02/12/2025,V,16,PC-19,PC,19,157,0.0,,,9dc116b3-7328-4a00-9b75-a891adb2e602
02/12/2025,W,16,PC-19,,,0,0,,,
02/12/2025,X,16,PC-20,PC,20,25,0.0,,,3a04345e-788d-41d8-88d1-57c4b8235595
02/12/2025,Y,16,X,,,0,0,,,
02/12/2025,A,17,X,,,0,0,,,
02/12/2025,B,17,X,,,0,0,,,
02/12/2025,C,17,X,,,0,0,,,
02/12/2025,D,17,X,,,0,0,,,
02/12/2025,E,17,X,,,0,0,,,
02/12/2025,F,17,X,,,0,0,,,
02/12/2025,G,17,X,,,0,0,,,
02/12/2025,H,17,X,,,0,0,,,
02/12/2025,I,17,X,,,0,0,,,
02/12/2025,J,17,X,,,0,0,,,
02/12/2025,K,17,X,,,0,0,,,
02/12/2025,L,17,X,,,0,0,,,
02/12/2025,M,17,O,,,0,0,,,
02/12/2025,N,17,X,,,0,0,,,
02/12/2025,O,17,PC-23,PC,23,75,0.0,,,697a1d86-c72f-40ab-b80e-bb79591db450
02/12/2025,P,17,PC-28,PC,28,86,0.0,,,6490dbbe-a373-4165-9bb8-ee8ff36447d9
02/12/2025,Q,17,PC-30,PC,30,66,0.0,,,18afca0f-3a91-4e34-bf76-d255c9033273
02/12/2025,R,17,PC-31,PC,31,57,0.0,,,de965a29-8968-463f-9699-4cf111df0761
02/12/2025,S,17,PC-32,PC,32,79,0.0,,,b4bff960-31c8-4773-851f-1c8b362006ec
02/12/2025,T,17,PC-33,PC,33,78,0.0,,,cd750d04-10c8-4d29-be43-d68f964df93e
02/12/2025,U,17,PC-34,PC,34,62,0.0,,,94749931-1b64-4ef6-bb77-0f07a45be690
02/12/2025,V,17,PC-35,PC,35,107,0.0,,,a04775df-d6a0-4a6a-bd9c-0ddc5a1b3268
02/12/2025,W,17,PC-36,PC,36,38,0.0,,,55587194-2be7-4255-aaa7-410a0078623b
02/12/2025,X,17,PC-37,PC,37,46,0.0,,,4769df0f-5206-4545-a664-f135ecdab341
02/12/2025,Y,17,X,,,0,0,,,
02/12/2025,A,18,SNP-2,AC,0,2,0.25,,,3482355b-5d36-4169-a906-75324f0bd33d
02/12/2025,A,18,SNP-2,AC,55,5,0.0,,,1d6ef4a2-5376-474d-9897-e7b621c0754d
02/12/2025,A,18,SNP-2,AC,56,5,0.0,,,50744652-4eb9-4134-8a3e-0b16964f3181
02/12/2025,A,18,SNP-2,AC,58,5,0.25,,,4dfbe3aa-e211-4c02-83de-c5b1574ab1cf
02/12/2025,A,18,SNP-2,AC,70,5,0.25,,,9aadc6dd-8ee5-484d-bd14-6929a06f5ff0
02/12/2025,A,18,SNP-2,AC,76,5,0.25,,,7d361838-12d4-4f32-9582-957dc3e68623
02/12/2025,A,18,SNP-2,AC,84,4,0.25,,,13acb5a3-7e12-4f9d-83df-5c00cae84b2e
02/12/2025,A,18,SNP-2,AC,88,5,0.25,,,7b4cb4c7-5036-4f63-89dd-a00e52a6c14d
02/12/2025,A,18,SNP-2,AC,90,5,0.25,,,adbc3ee6-bd8e-4cb7-986d-db0229225967
02/12/2025,B,18,SNP-1,AC,13,2,0.25,,,8fd6066d-a55a-4469-89e7-5d7c9d0585f0
02/12/2025,B,18,SNP-1,AC,3,4,0.25,,,b94ca473-6cef-42d6-9cd7-126e14d26024
02/12/2025,B,18,SNP-1,AC,31,5,0.25,,,c9838a0d-dfdc-402f-bf3a-dec1ad6459dc
02/12/2025,B,18,SNP-1,AC,34,5,0.25,,,70650ee3-26cb-463f-aac6-0705c83283c1
02/12/2025,B,18,SNP-1,AC,4,5,0.0,,,ef8dbe9f-ee6e-4b67-b4ea-e2db4444840d
02/12/2025,B,18,SNP-1,AC,47,3,0.0,,,635f1f5f-098e-41ac-b700-16c8970faa91
02/12/2025,B,18,SNP-1,AC,51,2,0.0,,,de8a6aab-01ca-4176-ad59-61a6af9ab916
02/12/2025,B,18,SNP-1,AC,6,4,0.0,,,05588b92-593f-469f-9c7d-75a192ffaa41
02/12/2025,B,18,SNP-1,AC,8,5,0.25,,,72d3b6f9-0b12-40c9-8c42-a86737b592c7
02/12/2025,C,18,X,,,0,0,,,
02/12/2025,D,18,X,,,0,0,,,
02/12/2025,E,18,X,,,0,0,,,
02/12/2025,F,18,X,,,0,0,,,
02/12/2025,G,18,X,,,0,0,,,
02/12/2025,H,18,X,,,0,0,,,
02/12/2025,I,18,X,,,0,0,,,
02/12/2025,J,18,X,,,0,0,,,
02/12/2025,K,18,X,,,0,0,,,
02/12/2025,L,18,X,,,0,0,,,
02/12/2025,M,18,X,,,0,0,,,
02/12/2025,N,18,X,,,0,0,,,
02/12/2025,O,18,PC-38,PC,38,169,0.0,,,960d7a1d-abfd-478f-b91f-f110e0a4413f
02/12/2025,P,18,PC-39,PC,39,100,0.0,,,01042469-156d-49af-9c37-6e949300bd27
02/12/2025,Q,18,PC-40,PC,40,40,0.0,,,5125bfd1-2524-4a45-b166-a383d44c8495
02/12/2025,R,18,PC-52,PC,52,9,0.0,,,ca2abf72-fe2e-4d66-b526-0d33f90a4c18
02/12/2025,S,18,X,,,0,0,,,
02/12/2025,T,18,X,,,0,0,,,
02/12/2025,U,18,X,,,0,0,,,
02/12/2025,V,18,X,,,0,0,,,
02/12/2025,W,18,X,,,0,0,,,
02/12/2025,X,18,X,,,0,0,,,
02/12/2025,Y,18,X,,,0,0,,,
02/12/2025,A,19,SNP-4,,,0,0,,,
02/12/2025,B,19,SNP-3,,,0,0,,,
02/12/2025,C,19,X,,,0,0,,,
02/12/2025,D,19,X,,,0,0,,,
02/12/2025,E,19,X,,,0,0,,,
02/12/2025,F,19,X,,,0,0,,,
02/12/2025,G,19,ML-NB 29,,,0,0,,,
02/12/2025,H,19,AC-UNK,AC,0,20,0.0,,,01c381a9-e7f3-4cd1-bbc4-36b76de26c2c
02/12/2025,H,19,AC-UNK,AC,0,20,0.25,,,588cc422-db02-458a-9b16-f238a05b5e2b
02/12/2025,I,19,AC-1962,AC,1962,95,0.25,,,9c76f66a-0e7d-4701-bbed-de8acfcc52f8
02/12/2025,J,19,AC-1287,AC,1287,95,0.25,,,6574d4e8-9774-4d43-b9e7-afa56965cb4e
02/12/2025,K,19,AC-925,AC,925,5,0.25,,,2111e6cd-7c50-4077-888a-b70f9dfc9ca4
02/12/2025,K,19,AC-925,AC,925,3,0.0,,,32c628eb-98b3-4970-b411-8ef49d3d0d0b
02/12/2025,L,19,AC-725,AC,725,60,0.25,,,e987277f-5096-409a-82c2-dbe0e8370145
02/12/2025,M,19,O,,,0,0,,,
02/12/2025,N,19,SI-42/43,SI,42,7,0.0,,,558e1ed2-0fca-4ed5-a827-020f5cd07fa0
02/12/2025,N,19,SI-42/43,SI,43,6,0.0,,,8c1eb1a0-303e-44ad-ad1d-d6dd590522cc
02/12/2025,O,19,SI-76,SI,76,111,0.0,,,16a76908-da9b-4459-b9dd-0a376c3dc54b
02/12/2025,P,19,SI-79,SI,79,55,0.0,,,2c2b2c6b-893a-4ba0-ba80-bb5d876d60a7
02/12/2025,Q,19,X,,,0,0,,,
02/12/2025,R,19,X,,,0,0,,,
02/12/2025,S,19,X,,,0,0,,,
02/12/2025,T,19,X,,,0,0,,,
02/12/2025,U,19,X,,,0,0,,,
02/12/2025,V,19,X,,,0,0,,,
02/12/2025,W,19,X,,,0,0,,,
02/12/2025,X,19,X,,,0,0,,,
02/12/2025,Y,19,X,,,0,0,,,
02/12/2025,A,20,X,,,0,0,,,
02/12/2025,B,20,X,,,0,0,,,
02/12/2025,C,20,X,,,0,0,,,
02/12/2025,D,20,X,,,0,0,,,
02/12/2025,E,20,X,,,0,0,,,
02/12/2025,F,20,21-285,,,0,0,,,
02/12/2025,G,20,21-284,,,0,0,,,
02/12/2025,H,20,21-281,,,0,0,,,
02/12/2025,I,20,21-280,,,0,0,,,
02/12/2025,J,20,21-238,,,0,0,,,
02/12/2025,K,20,21-215,,,0,0,,,
02/12/2025,L,20,21-214,,,0,0,,,
02/12/2025,M,20,O,,,0,0,,,
02/12/2025,N,20,SS MIX1,SS,160,160,0.0,,,c9268703-26bb-4f16-8ddf-2c3d18fd64c1
02/12/2025,N,20,SS MIX1,SS,85,34,0.0,,,ebc4b91c-53c2-42d4-9a3a-ca38e6199145
02/12/2025,N,20,SS MIX1,SS,86,86,0.0,,,a756e346-bef1-4a99-a0ed-d8260f78d2ef
02/12/2025,O,20,SS-463,SS,463,174,0.0,,,7368d63c-f1d9-4bdc-98ec-a95ef64b1e46
02/12/2025,P,20,X,,,0,0,,,
02/12/2025,Q,20,X,,,0,0,,,
02/12/2025,R,20,X,,,0,0,,,
02/12/2025,S,20,X,,,0,0,,,
02/12/2025,T,20,X,,,0,0,,,
02/12/2025,U,20,X,,,0,0,,,
02/12/2025,V,20,X,,,0,0,,,
02/12/2025,W,20,X,,,0,0,,,
02/12/2025,X,20,X,,,0,0,,,
02/12/2025,Y,20,X,,,0,0,,,
02/12/2025,A,21,X,,,0,0,,,
02/12/2025,B,21,X,,,0,0,,,
02/12/2025,C,21,X,,,0,0,,,
02/12/2025,D,21,X,,,0,0,,,
02/12/2025,E,21,X,,,0,0,,,
02/12/2025,F,21,X,,,0,0,,,
02/12/2025,G,21,X,,,0,0,,,
02/12/2025,H,21,X,,,0,0,,,
02/12/2025,I,21,X,,,0,0,,,
02/12/2025,J,21,X,,,0,0,,,
02/12/2025,K,21,X,,,0,0,,,
02/12/2025,L,21,X,,,0,0,,,
02/12/2025,M,21,X,,,0,0,,,
02/12/2025,N,21,X,,,0,0,,,
02/12/2025,O,21,X,,,0,0,,,
02/12/2025,P,21,X,,,0,0,,,
02/12/2025,Q,21,X,,,0,0,,,
02/12/2025,R,21,X,,,0,0,,,
02/12/2025,S,21,X,,,0,0,,,
02/12/2025,T,21,X,,,0,0,,,
02/12/2025,U,21,X,,,0,0,,,
02/12/2025,V,21,X,,,0,0,,,
02/12/2025,W,21,X,,,0,0,,,
02/12/2025,X,21,X,,,0,0,,,
02/12/2025,Y,21,X,,,0,0,,,
02/12/2025,A,22,X,,,0,0,,,
02/12/2025,B,22,X,,,0,0,,,
02/12/2025,C,22,X,,,0,0,,,
02/12/2025,D,22,X,,,0,0,,,
02/12/2025,E,22,X,,,0,0,,,
02/12/2025,F,22,X,,,0,0,,,
02/12/2025,G,22,X,,,0,0,,,
02/12/2025,H,22,CU-TR5,AP,145,2,0.0,,,21a58c58-173b-4dda-b413-d230f95e35c3
02/12/2025,H,22,CU-TR5,AP,146,1,0.0,,,b1554785-f317-4195-a43e-6c2d87a86b85
02/12/2025,H,22,CU-TR5,AP,147,3,0.0,,,eff9ea44-6215-40e0-8c7e-bbfccb0bccd6
02/12/2025,H,22,CU-TR5,AP,38,5,0.0,,,8e8749bd-08d8-4633-abda-d77f798c8c6b
02/12/2025,I,22,AP24,AP,20,6,0.0,,,417abe49-c641-40cd-9d25-5cee59a73f0f
02/12/2025,I,22,AP24,AP,22,11,0.0,,,713d7cb1-7675-439b-acbb-b627638f94a1
02/12/2025,I,22,AP24,AP,24,18,0.0,,,d3cccba6-96e2-42fe-b530-307650dc5406
02/12/2025,J,22,LK-5,AP,1,4,0.0,,,d30113c2-c4f3-4227-9cc7-cfa0aa2f407b
02/12/2025,J,22,LK-5,AP,46,1,0.0,,,3cd65e97-0807-4777-9491-c7f1d4ffb614
02/12/2025,J,22,LK-5,AP,48,2,0.0,,,e6ddd7e2-6bcb-4edf-8b90-498a4279063f
02/12/2025,K,22,AP UNK2,AP,0,3,0.0,,,566ee458-c2aa-42fb-bb8e-8e2e46d37567
02/12/2025,L,22,X,,,0,0,,,
02/12/2025,M,22,X,,,0,0,,,
02/12/2025,N,22,X,,,0,0,,,
02/12/2025,O,22,X,,,0,0,,,
02/12/2025,P,22,X,,,0,0,,,
02/12/2025,Q,22,X,,,0,0,,,
02/12/2025,R,22,X,,,0,0,,,
02/12/2025,S,22,X,,,0,0,,,
02/12/2025,T,22,X,,,0,0,,,
02/12/2025,U,22,X,,,0,0,,,
02/12/2025,V,22,X,,,0,0,,,
02/12/2025,W,22,X,,,0,0,,,
02/12/2025,X,22,X,,,0,0,,,
02/12/2025,Y,22,X,,,0,0,,,
02/12/2025,A,23,X,,,0,0,,,
02/12/2025,B,23,X,,,0,0,,,
02/12/2025,C,23,X,,,0,0,,,
02/12/2025,D,23,X,,,0,0,,,
02/12/2025,E,23,X,,,0,0,,,
02/12/2025,F,23,X,,,0,0,,,
02/12/2025,G,23,X,,,0,0,,,
02/12/2025,H,23,X,,,0,0,,,
02/12/2025,I,23,X,,,0,0,,,
02/12/2025,J,23,X,,,0,0,,,
02/12/2025,K,23,X,,,0,0,,,
02/12/2025,L,23,X,,,0,0,,,
02/12/2025,M,23,X,,,0,0,,,
02/12/2025,N,23,X,,,0,0,,,
02/12/2025,O,23,X,,,0,0,,,
02/12/2025,P,23,X,,,0,0,,,
02/12/2025,Q,23,X,,,0,0,,,
02/12/2025,R,23,X,,,0,0,,,
02/12/2025,S,23,X,,,0,0,,,
02/12/2025,T,23,X,,,0,0,,,
02/12/2025,U,23,X,,,0,0,,,
02/12/2025,V,23,X,,,0,0,,,
02/12/2025,W,23,X,,,0,0,,,
02/12/2025,X,23,X,,,0,0,,,
02/12/2025,Y,23,X,,,0,0,,,
02/12/2025,A,24,X,,,0,0,,,
02/12/2025,B,24,X,,,0,0,,,
02/12/2025,C,24,X,,,0,0,,,
02/12/2025,D,24,X,,,0,0,,,
02/12/2025,E,24,X,,,0,0,,,
02/12/2025,F,24,X,,,0,0,,,
02/12/2025,G,24,X,,,0,0,,,
02/12/2025,H,24,X,,,0,0,,,
02/12/2025,I,24,X,,,0,0,,,
02/12/2025,J,24,X,,,0,0,,,
02/12/2025,K,24,X,,,0,0,,,
02/12/2025,L,24,X,,,0,0,,,
02/12/2025,M,24,X,,,0,0,,,
02/12/2025,N,24,X,,,0,0,,,
02/12/2025,O,24,X,,,0,0,,,
02/12/2025,P,24,X,,,0,0,,,
02/12/2025,Q,24,X,,,0,0,,,
02/12/2025,R,24,X,,,0,0,,,
02/12/2025,S,24,X,,,0,0,,,
02/12/2025,T,24,X,,,0,0,,,
02/12/2025,U,24,X,,,0,0,,,
02/12/2025,V,24,X,,,0,0,,,
02/12/2025,W,24,X,,,0,0,,,
02/12/2025,X,24,X,,,0,0,,,
02/12/2025,Y,24,X,,,0,0,,,
02/12/2025,A,25,Spawning,AC,58,5,0.0,,,f7e57882-5467-484e-9619-dd583b3cfc52
02/12/2025,B,25,Spawning,AC,62,5,0.0,,,6e28f657-b6a7-428d-b09c-52d77f625248
02/12/2025,C,25,Spawning,AP,20,1,0.0,,,d34ba119-1b85-4aba-b0d0-f04d66c77200
02/12/2025,C,25,Spawning,AP,24,1,0.0,,,2f840c5d-5188-47d8-896b-171818248d6a
02/12/2025,C,25,Spawning,AP,35,1,0.0,,,33408ecc-ce42-4cab-a9a1-c51e5b125c89
02/12/2025,C,25,Spawning,AP,38,1,0.0,,,9f3d236d-2eab-494f-b66c-75c38c2767f0
02/12/2025,C,25,Spawning,AP,46,1,0.0,,,3d47f59a-9e17-4197-90b2-16c8981cdb98
02/12/2025,D,25,Spawning,AP,48,1,0.0,,,ce8c7814-b6e4-4a4d-8bc1-c89a0fd9f128
02/12/2025,E,25,Spawning,AP,145,1,0.0,,,89cc2f30-af65-474c-8f0d-f1a4a19d2cce
02/12/2025,E,25,Spawning,AP,146,4,0.0,,,16bea00b-86b9-463a-898b-6812f05f3755
02/12/2025,F,25,Spawning,AP,147,1,0.0,,,337ef652-708b-4019-86ef-43869cf6ebca
02/12/2025,G,25,X,AP,364,1,0.0,,,e13db167-0d7d-4f72-933b-4e4e37f9d0b4
02/12/2025,H,25,X,,,0,0,,,
02/12/2025,I,25,X,,,0,0,,,
02/12/2025,J,25,X,,,0,0,,,
02/12/2025,K,25,X,,,0,0,,,
02/12/2025,L,25,X,,,0,0,,,
02/12/2025,M,25,X,,,0,0,,,
02/12/2025,N,25,X,,,0,0,,,
02/12/2025,O,25,X,,,0,0,,,
02/12/2025,P,25,X,,,0,0,,,
02/12/2025,Q,25,X,,,0,0,,,
02/12/2025,R,25,X,,,0,0,,,
02/12/2025,S,25,X,,,0,0,,,
02/12/2025,T,25,X,,,0,0,,,
02/12/2025,U,25,X,,,0,0,,,
02/12/2025,V,25,X,,,0,0,,,
02/12/2025,W,25,X,,,0,0,,,
02/12/2025,X,25,X,,,0,0,,,
02/12/2025,Y,25,X,,,0,0,,,
02/12/2025,A,26,Spawning,AC,50,5,0.0,,,cc4d54c9-b89f-46fe-a80e-bd18bf6fbfe8
02/12/2025,B,26,Spawning,AC,47,3,0.0,,,97aac400-dcfe-4125-b40b-2bf70ce8d692
02/12/2025,C,26,Spawning,,,0,0,,,
02/12/2025,D,26,Spawning,,,0,0,,,
02/12/2025,E,26,Spawning,,,0,0,,,
02/12/2025,F,26,Spawning,AC,3,2,0.0,,,bb862dec-45f6-44c8-9f93-c71710970e61
02/12/2025,G,26,Spawning,,,0,0,,,
02/12/2025,H,26,X,,,0,0,,,
02/12/2025,I,26,X,,,0,0,,,
02/12/2025,J,26,X,,,0,0,,,
02/12/2025,K,26,X,,,0,0,,,
02/12/2025,L,26,X,,,0,0,,,
02/12/2025,M,26,X,,,0,0,,,
02/12/2025,N,26,X,,,0,0,,,
02/12/2025,O,26,X,,,0,0,,,
02/12/2025,P,26,X,,,0,0,,,
02/12/2025,Q,26,X,,,0,0,,,
02/12/2025,R,26,X,,,0,0,,,
02/12/2025,S,26,X,,,0,0,,,
02/12/2025,T,26,X,,,0,0,,,
02/12/2025,U,26,X,,,0,0,,,
02/12/2025,V,26,X,,,0,0,,,
02/12/2025,W,26,X,,,0,0,,,
02/12/2025,X,26,X,,,0,0,,,
02/12/2025,Y,26,X,,,0,0,,,
